conversation_id,use_case,outcome,sender_id,user_message,bot_message,created_time,intent,entities
16,uc_s1,,2093944380628860,Shop c√≤n b·ªô n√†y k ·∫° Lo·∫°i 2 gh·∫ø ·∫°? B√†n lego ,,2020-07-31 06:56:23,query_knowledge_base,"https://scontent.xx.fbcdn.net/v/t1.15752-9/94033054_2606739919566788_1256286167532306432_n.jpg?_nc_cat=108&_nc_sid=b96e70&_nc_ohc=76R2xgzRhkYAX888TKq&_nc_ad=z-m&_nc_cid=0&_nc_ht=scontent.xx&oh=c013292c9eee623009be54337303062f&oe=5F4A7B25,b·ªô n√†y,ghe,lego,"
16,,silence,2093944380628860,,"D·∫°, c√≥ ph·∫£i b·∫°n mu·ªën h·ªèi m·ªôt trong c√°c s·∫£n ph·∫©m d∆∞·ªõi ƒë√¢y kh√¥ng ·∫°?
 (Vui l√≤ng ·∫•n ch·ªçn 1 s·∫£n ph·∫©m)",2020-07-31 06:56:26,,
16,,,2093944380628860,,,2020-07-31 06:56:26,,
16,,,2093944380628860,,,2020-07-31 06:56:26,,
17,uc_s1,,1195017330604603,e ∆°i c√≤n r∆° l∆∞·ª°i n√†y ko ,,2020-07-30 13:54:49,query_knowledge_base,"https://scontent.xx.fbcdn.net/v/t1.15752-9/116909701_2399947160306053_3772512715813593427_n.jpg?_nc_cat=111&_nc_sid=b96e70&_nc_ohc=bgOXBm1P6cMAX9kRenk&_nc_ad=z-m&_nc_cid=0&_nc_ht=scontent.xx&oh=0b3f2eac229d0ac33923c2b16a319c0d&oe=5F499191,l∆∞·ª°i n√†y,"
17,,,1195017330604603,,"M√¨nh ch∆∞a x√°c ƒë·ªãnh ƒë∆∞·ª£c m√≥n ƒë·ªì b·∫°n h·ªèi, b·∫°n m√¥ t·∫£ r√µ h∆°n gi√∫p m√¨nh nh√©!",2020-07-30 13:54:53,,
17,,,1195017330604603,e ∆°i,,2020-07-31 04:18:33,greet,
17,,,1195017330604603,,"Ch√†o Ph√πng Tuy·∫øt Nhung, m√¨nh l√† G·∫•u Bino, tr·ª£ l√Ω ·∫£o c·ªßa Shop G·∫•u & B√≠ Ng√¥, m√¨nh gi√∫p g√¨ ƒë∆∞·ª£c b·∫°n ·∫°?",2020-07-31 04:18:33,,
17,,,1195017330604603,c√≤n r∆° l∆∞·ª°i ko e,,2020-07-31 04:19:03,query_knowledge_base,"r∆° l∆∞·ª°i,"
17,,silence,1195017330604603,,"D·∫°, b·∫°n ch·ªù trong √≠t ph√∫t shop ki·ªÉm tra kho h√†ng r·ªìi b√°o l·∫°i b·∫°n ngay ·∫°! ^^",2020-07-31 04:19:04,,
29,uc_s1,,1660263914007206,Qu·∫°t n√†y b√™n b·∫°n c√≤n ko n·ªØa b·∫°n ,,2020-07-30 04:20:30,query_knowledge_base,"https://scontent.xx.fbcdn.net/v/t1.15752-9/116243518_326656548466777_9205176524330970287_n.png?_nc_cat=109&_nc_sid=b96e70&_nc_ohc=n6XcDSylVgEAX9l_RVt&_nc_ad=z-m&_nc_cid=0&_nc_ht=scontent.xx&oh=87c8e8742578dd9ee3b8d9b71c187b84&oe=5F48FEB4,qu·∫°t,n√†y,"
29,,,1660263914007206,,"D·∫°, c√≥ ph·∫£i b·∫°n mu·ªën h·ªèi m·ªôt trong c√°c s·∫£n ph·∫©m d∆∞·ªõi ƒë√¢y kh√¥ng ·∫°?
 (Vui l√≤ng ·∫•n ch·ªçn 1 s·∫£n ph·∫©m)",2020-07-30 04:20:33,,
29,,,1660263914007206,,,2020-07-30 04:20:33,,
29,,,1660263914007206,,,2020-07-30 04:20:33,,
29,,,1660263914007206,C√°i qu·∫°t mastela ·∫•y C√°i n√†y c√≤n ko b·∫°n ,,2020-07-30 04:21:52,query_knowledge_base,"https://scontent.xx.fbcdn.net/v/t1.15752-9/116243518_326656548466777_9205176524330970287_n.png?_nc_cat=109&_nc_sid=b96e70&_nc_ohc=n6XcDSylVgEAX9l_RVt&_nc_ad=z-m&_nc_cid=0&_nc_ht=scontent.xx&oh=87c8e8742578dd9ee3b8d9b71c187b84&oe=5F48FEB4,mastela,c√°i n√†y,"
29,,silence,1660263914007206,,"D·∫°, c√≥ ph·∫£i b·∫°n mu·ªën h·ªèi m·ªôt trong c√°c s·∫£n ph·∫©m d∆∞·ªõi ƒë√¢y kh√¥ng ·∫°?
 (Vui l√≤ng ·∫•n ch·ªçn 1 s·∫£n ph·∫©m)",2020-07-30 04:21:55,,
29,,,1660263914007206,,,2020-07-30 04:21:55,,
29,,,1660263914007206,,,2020-07-30 04:21:55,,
37,uc_s1,,1738934669537777,B·∫°n ∆°i gh·∫ø n√†y b√™n b·∫°n c√≤n ko? Ship cho m√¨nh v·ªõi,,2020-07-29 14:47:50,query_knowledge_base,"ghe,n√†y,"
37,,,1738934669537777,,,2020-07-29 14:47:50,,
37,,,1738934669537777,,,2020-07-29 14:48:04,send_link,"https://scontent.xx.fbcdn.net/v/t1.15752-9/116643614_1000625827057974_2245229722261228882_n.jpg?_nc_cat=110&_nc_sid=b96e70&_nc_ohc=_P8W0simpUkAX_ZM164&_nc_oc=AQk2tS11YA-RCWIl0N-X-3F31QUAiLBHmVj1PuGX4eVrUNW4hkm_uKNsZcEOn2EH5A0-LnV1jbDT9Z1kf__KtBXU&_nc_ad=z-m&_nc_cid=0&_nc_ht=scontent.xx&oh=dcf473346dc5cc18bb246e5dd85efa1b&oe=5F489041,"
37,,,1738934669537777,,,2020-07-29 14:48:06,,
40,uc_s1,,2755573641135438,Shop c√≤n h·ªôp r∆° l∆∞·ª°i n√†y ko ·∫° ,,2020-07-29 08:01:16,query_knowledge_base,"https://scontent.xx.fbcdn.net/v/t1.15752-9/116548409_293211481763328_9218400882059690350_n.jpg?_nc_cat=100&_nc_sid=b96e70&_nc_ohc=urUQ8CB6-5cAX8zKfBV&_nc_ad=z-m&_nc_cid=0&_nc_ht=scontent.xx&oh=e91e7a2a9d549a89c825bd6c3019fbb5&oe=5F465CE1,n√†y,"
40,,,2755573641135438,,"D·∫°, c√≥ ph·∫£i b·∫°n mu·ªën h·ªèi m·ªôt trong c√°c s·∫£n ph·∫©m d∆∞·ªõi ƒë√¢y kh√¥ng ·∫°?
 (Vui l√≤ng ·∫•n ch·ªçn 1 s·∫£n ph·∫©m)",2020-07-29 08:01:19,,
40,,,2755573641135438,,,2020-07-29 08:01:19,,
40,,,2755573641135438,,,2020-07-29 08:01:19,,
40,,,2755573641135438,"/disagree{""object_type"": null}",,2020-07-29 08:02:05,disagree,
40,,,2755573641135438,,B·∫°n vui l√≤ng m√¥ t·∫£ r√µ mong mu·ªën c·ªßa b·∫°n ho·∫∑c chat v·ªõi nh√¢n vi√™n t∆∞ v·∫•n nh√©!,2020-07-29 08:02:05,,
40,,,2755573641135438,/connect_employee,,2020-07-29 08:02:12,connect_employee,
40,,silence,2755573641135438,,"D·∫°, b·∫°n vui l√≤ng ch·ªù trong √≠t ph√∫t nh√¢n vi√™n c·ªßa shop s·∫Ω ph·ª•c v·ª• b·∫°n ·∫°!^^",2020-07-29 08:02:13,,
77,uc_s1,,2182480858441676,shop ∆°i nh√† m√¨nh c√≤n m√°y t·∫°o ·∫©m Laica ko ·∫°,,2020-07-28 04:42:55,query_knowledge_base,"may_tao_am,laica,"
77,,,2182480858441676,,,2020-07-28 04:42:56,,
77,,,2182480858441676,m√¨nh h·ªèi lo·∫°i n√†y ,,2020-07-28 04:44:01,query_knowledge_base,"https://scontent.xx.fbcdn.net/v/t1.15752-9/115800351_648462476024715_8462808768559858560_n.jpg?_nc_cat=110&_nc_sid=b96e70&_nc_ohc=xPqiRJzsTGQAX_kjNYv&_nc_ad=z-m&_nc_cid=0&_nc_ht=scontent.xx&oh=f1902407db1ba4ec7e5e5cd19a974e42&oe=5F434822,"
77,,silence,2182480858441676,,"D·∫°, c√≥ ph·∫£i b·∫°n mu·ªën h·ªèi m·ªôt trong c√°c s·∫£n ph·∫©m d∆∞·ªõi ƒë√¢y kh√¥ng ·∫°?
 (Vui l√≤ng ·∫•n ch·ªçn 1 s·∫£n ph·∫©m)",2020-07-28 04:44:03,,
77,,,2182480858441676,,,2020-07-28 04:44:03,,
77,,,2182480858441676,,,2020-07-28 04:44:03,,
117,,,3122885287748181,/start_conversation,,2020-07-24 03:59:35,start_conversation,
117,,,3122885287748181,,"Ch√†o Ph∆∞∆°ng Linh Tr·∫ßn, m√¨nh l√† tr·ª£ l√Ω ·∫£o c·ªßa Shop G·∫•u & B√≠ Ng√¥, m√¨nh gi√∫p g√¨ ƒë∆∞·ª£c b·∫°n ·∫°?",2020-07-24 03:59:36,,
117,uc_s1,,3122885287748181,m√≥n n√†y c√≤n ko ad ,,2020-07-24 03:59:51,query_knowledge_base,"https://scontent.xx.fbcdn.net/v/t1.15752-9/110085872_292034092004870_6849878453201122779_n.png?_nc_cat=104&_nc_sid=b96e70&_nc_ohc=p3TZ_slmn6MAX_fRnfO&_nc_ad=z-m&_nc_cid=0&_nc_ht=scontent.xx&oh=86b3b960a3da86ce09c5b312285533e8&oe=5F3E2643,m√≥n n√†y,"
117,,,3122885287748181,,"M√¨nh ch∆∞a x√°c ƒë·ªãnh ƒë∆∞·ª£c m√≥n ƒë·ªì b·∫°n h·ªèi, b·∫°n m√¥ t·∫£ r√µ h∆°n gi√∫p m√¨nh nh√©!",2020-07-24 03:59:54,,
117,,,3122885287748181,m·∫´u n√†y n·ªØa ·∫° ,,2020-07-24 04:03:51,query_knowledge_base,"https://scontent.xx.fbcdn.net/v/t1.15752-9/115961039_287816875664101_4386543796730090022_n.png?_nc_cat=106&_nc_sid=b96e70&_nc_ohc=n5yIvEVYqN8AX80rZW6&_nc_ad=z-m&_nc_cid=0&_nc_ht=scontent.xx&oh=927d42930a98e88900efd4372774f0d3&oe=5F3FFAC6,m·∫´u n√†y,"
117,,silence,3122885287748181,,"D·∫°, c√≥ ph·∫£i b·∫°n mu·ªën h·ªèi m·ªôt trong c√°c s·∫£n ph·∫©m d∆∞·ªõi ƒë√¢y kh√¥ng ·∫°?
 (Vui l√≤ng ·∫•n ch·ªçn 1 s·∫£n ph·∫©m)",2020-07-24 04:03:54,,
117,,,3122885287748181,,,2020-07-24 04:03:54,,
117,,,3122885287748181,,,2020-07-24 04:03:54,,
118,uc_s1,,2230231970404708,Binh nc nay con ko shop ,,2020-07-24 03:55:12,query_knowledge_base,"https://scontent.xx.fbcdn.net/v/t1.15752-9/115803620_1327924334079730_2429139750762951978_n.jpg?_nc_cat=109&_nc_sid=b96e70&_nc_ohc=1UUv_FRHQjwAX995mem&_nc_ad=z-m&_nc_cid=0&_nc_ht=scontent.xx&oh=a9556b64ca6b558d6125d35bedcae612&oe=5F41CBF8,binh nc,nay,"
118,,,2230231970404708,,"D·∫°, c√≥ ph·∫£i b·∫°n mu·ªën h·ªèi m·ªôt trong c√°c s·∫£n ph·∫©m d∆∞·ªõi ƒë√¢y kh√¥ng ·∫°?
 (Vui l√≤ng ·∫•n ch·ªçn 1 s·∫£n ph·∫©m)",2020-07-24 03:55:14,,
118,,,2230231970404708,,,2020-07-24 03:55:14,,
118,,,2230231970404708,,,2020-07-24 03:55:14,,
118,,handover_to_inbox,2230231970404708,Binh nay co tiet trung dc ko a,,2020-07-24 03:55:25,handover_to_inbox,
118,,,2230231970404708,,"D·∫°, b·∫°n vui l√≤ng ch·ªù trong √≠t ph√∫t nh√¢n vi√™n c·ªßa shop s·∫Ω ph·ª•c v·ª• b·∫°n ·∫°!^^",2020-07-24 03:55:26,,
152,uc_s1,,1785175128227607,B·∫°n c√≤n xe n√†y k ,,2020-07-21 06:40:00,query_knowledge_base,"https://scontent.xx.fbcdn.net/v/t1.15752-9/115826726_954673041648324_5556624383278406734_n.jpg?_nc_cat=105&_nc_sid=b96e70&_nc_ohc=Vv_PhoDsJSYAX8zrNuK&_nc_ad=z-m&_nc_cid=0&_nc_ht=scontent.xx&oh=b64ae90511d6103972a562380b8d1d2d&oe=5F3E09C1,xe,n√†y,"
152,,silence,1785175128227607,,"D·∫°, c√≥ ph·∫£i b·∫°n mu·ªën h·ªèi m·ªôt trong c√°c s·∫£n ph·∫©m d∆∞·ªõi ƒë√¢y kh√¥ng ·∫°?
 (Vui l√≤ng ·∫•n ch·ªçn 1 s·∫£n ph·∫©m)",2020-07-21 06:40:03,,
152,,,1785175128227607,,,2020-07-21 06:40:03,,
152,,,1785175128227607,,,2020-07-21 06:40:03,,
156,uc_s1,,2204100096299651,Xe ƒë·∫©y n√†y c√≤n m√†u v√†ng k ·∫° ,,2020-07-21 02:33:19,query_knowledge_base,"https://scontent.xx.fbcdn.net/v/t1.15752-9/116043442_333602611128720_5778985278627991811_n.jpg?_nc_cat=103&_nc_sid=b96e70&_nc_ohc=3nAHkc14q7kAX_1ZKP9&_nc_ad=z-m&_nc_cid=0&_nc_ht=scontent.xx&oh=e52bd72270b16e8743aff33fc069f78c&oe=5F3B81D5,xe_day,n√†y,m√†u v√†ng,"
156,,silence,2204100096299651,,"D·∫°, c√≥ ph·∫£i b·∫°n mu·ªën h·ªèi m·ªôt trong c√°c s·∫£n ph·∫©m d∆∞·ªõi ƒë√¢y kh√¥ng ·∫°?
 (Vui l√≤ng ·∫•n ch·ªçn 1 s·∫£n ph·∫©m)",2020-07-21 02:33:21,,
156,,,2204100096299651,,,2020-07-21 02:33:21,,
156,,,2204100096299651,,,2020-07-21 02:33:21,,
158,uc_s1,,3132674713460322,Shop c√≤n xe ƒë√¢y vinng m√†u ƒëen ko ·∫°,,2020-07-21 01:54:55,query_knowledge_base,"xe ƒë√¢y,vinng,m√†u ƒëen,"
158,,,3132674713460322,,,2020-07-21 01:54:55,,
158,,,3132674713460322,,,2020-07-21 01:55:08,send_link,"https://scontent.xx.fbcdn.net/v/t1.15752-9/110318200_1338994222957564_4365789314483929621_n.jpg?_nc_cat=106&_nc_sid=b96e70&_nc_ohc=cLdbr6IZoqUAX-krdKf&_nc_ad=z-m&_nc_cid=0&_nc_ht=scontent.xx&oh=bf1e58990619de345db5f51e28fb37e8&oe=5F3D5129,"
158,,silence,3132674713460322,,S·∫£n ph·∫©m Xe ƒë·∫©y ƒë·∫£o chi·ªÅu g·∫•p g·ªçn VINNG hi·ªán shop ƒëang *c√≤n h√†ng*. M·ªùi b·∫°n xem th√¥ng tin chi ti·∫øt s·∫£n ph·∫©m t·∫°i link sau ·∫°!,2020-07-21 01:55:10,,
158,,,3132674713460322,,,2020-07-21 01:55:10,,
188,uc_s1,,3519435508127742,B·∫°n ∆°i b·ªô n√†y c√≤n ko a ,,2020-07-18 03:39:28,query_knowledge_base,"https://scontent.xx.fbcdn.net/v/t1.15752-9/109344905_2626123754155034_6103598816482762885_n.jpg?_nc_cat=108&_nc_sid=b96e70&_nc_ohc=eHIxK0umwYQAX_Tegdy&_nc_ad=z-m&_nc_cid=0&_nc_ht=scontent.xx&oh=58dfe805b844f21d6ad0fc2045af4c8a&oe=5F3618E8,b·ªô n√†y,"
188,,,3519435508127742,,"M√¨nh ch∆∞a x√°c ƒë·ªãnh ƒë∆∞·ª£c m√≥n ƒë·ªì b·∫°n h·ªèi, b·∫°n m√¥ t·∫£ r√µ h∆°n gi√∫p m√¨nh nh√©!",2020-07-18 03:39:30,,
188,,,3519435508127742,B·∫°n ∆°i?,,2020-07-18 07:59:28,greet,
188,,,3519435508127742,,"Ch√†o Phan Ngoc Diep, m√¨nh l√† tr·ª£ l√Ω ·∫£o c·ªßa Shop G·∫•u & B√≠ Ng√¥, m√¨nh gi√∫p g√¨ ƒë∆∞·ª£c b·∫°n ·∫°?",2020-07-18 07:59:28,,
188,,,3519435508127742,C√≤n ko v·∫≠y,,2020-07-18 08:40:05,query_knowledge_base,
188,,silence,3519435508127742,,"D·∫°, b·∫°n ch·ªù trong √≠t ph√∫t shop ki·ªÉm tra kho h√†ng r·ªìi b√°o l·∫°i b·∫°n ngay ·∫°! ^^",2020-07-18 08:40:06,,
190,,,4251317114908612,/start_conversation,,2020-07-17 15:21:26,start_conversation,
190,,,4251317114908612,,"Ch√†o Tr∆∞∆°ng ƒê√¨nh ƒê√¨nh, m√¨nh l√† tr·ª£ l√Ω ·∫£o c·ªßa Shop G·∫•u & B√≠ Ng√¥, m√¨nh gi√∫p g√¨ ƒë∆∞·ª£c b·∫°n ·∫°?",2020-07-17 15:21:27,,
190,uc_s1,,4251317114908612,Cho m√¨nh h·ªèi sp n√†y c√≤n k ·∫°? ,,2020-07-17 15:22:15,query_knowledge_base,"https://scontent.xx.fbcdn.net/v/t1.15752-9/109071490_989408488179123_2557690915713792947_n.jpg?_nc_cat=104&_nc_sid=b96e70&_nc_ohc=rhh7Vk-B5mkAX9EXJjW&_nc_ad=z-m&_nc_cid=0&_nc_ht=scontent.xx&oh=5f77eb85dc7aed572672893bcb9b700c&oe=5F361759,sp n√†y,"
190,,silence,4251317114908612,,"D·∫°, b·∫°n ch·ªù trong √≠t ph√∫t shop ki·ªÉm tra kho h√†ng r·ªìi b√°o l·∫°i b·∫°n ngay ·∫°! ^^",2020-07-17 15:22:18,,
226,,,3099415966808586,/start_conversation,,2020-07-14 12:47:43,start_conversation,
226,,,3099415966808586,,"Ch√†o Tr∆∞∆°ng Tuy·ªÅn, m√¨nh l√† tr·ª£ l√Ω ·∫£o c·ªßa Shop G·∫•u & B√≠ Ng√¥, m√¨nh gi√∫p g√¨ ƒë∆∞·ª£c b·∫°n ·∫°?",2020-07-14 12:47:44,,
226,,,3099415966808586,üëãüèª,,2020-07-14 12:47:53,ignore,
226,uc_s1,,3099415966808586,Cho e h·ªèi b√™n m√¨nh c√≤n s·∫£n ph·∫©m n√†y ko ·∫° ,,2020-07-15 01:36:20,query_knowledge_base,"https://scontent.xx.fbcdn.net/v/t1.15752-9/109868122_675328076391315_1649207026110575466_n.jpg?_nc_cat=104&_nc_sid=b96e70&_nc_oc=AQk-gtjA4ONRwzEHKOVTNGvYgrbgz2QTy2RMOyMmAHjZ8niD6IV5KFbQ-4Pvq6ZIljNrLRgKszoIXFA8k405gnaW&_nc_ad=z-m&_nc_cid=0&_nc_ht=scontent.xx&oh=5a607d939e1391c4908697395154e233&oe=5F345495,s·∫£n ph·∫©m n√†y,"
226,,silence,3099415966808586,,"D·∫°, c√≥ ph·∫£i b·∫°n mu·ªën h·ªèi m·ªôt trong c√°c s·∫£n ph·∫©m d∆∞·ªõi ƒë√¢y kh√¥ng ·∫°?
 (Vui l√≤ng ·∫•n ch·ªçn 1 s·∫£n ph·∫©m)",2020-07-15 01:36:22,,
226,,,3099415966808586,,,2020-07-15 01:36:22,,
226,,,3099415966808586,,,2020-07-15 01:36:22,,
230,uc_s1,,2109635822411911,"B ∆°i
Nh√† b c√≤n k·ªá ƒë·ª±ng ƒë·ªì ch∆°i ƒë·ª£t trc k",,2020-07-14 09:38:43,query_knowledge_base,"ke,"
230,,,2109635822411911,K·ªá n√†y n√® b Ho·∫∑c k·ªá n√†o t∆∞∆°ng t·ª± ,,2020-07-14 09:39:38,query_knowledge_base,"https://scontent.xx.fbcdn.net/v/t1.15752-9/109329460_300718917861146_7922539172103880927_n.jpg?_nc_cat=102&_nc_sid=b96e70&_nc_ohc=S94COlTqMjcAX8Hmq_8&_nc_ad=z-m&_nc_cid=0&_nc_ht=scontent.xx&oh=c3a8994649c096f38c1bef06141b1cca&oe=5F338A0C,ke,n√†y,"
230,,,2109635822411911,,"D·∫°, c√≥ ph·∫£i b·∫°n mu·ªën h·ªèi m·ªôt trong c√°c s·∫£n ph·∫©m d∆∞·ªõi ƒë√¢y kh√¥ng ·∫°?
 (Vui l√≤ng ·∫•n ch·ªçn 1 s·∫£n ph·∫©m)",2020-07-14 09:39:40,,
230,,,2109635822411911,,,2020-07-14 09:39:40,,
230,,,2109635822411911,,,2020-07-14 09:39:40,,
230,,,2109635822411911,"K·ªá ƒë·ªì ch∆°i toyhouse b ·∫°
K ph·∫£i k·ªá ch·ªØ a",,2020-07-14 09:40:28,disagree,"ke,toyhouse,ke,"
230,,,2109635822411911,,B·∫°n vui l√≤ng m√¥ t·∫£ r√µ mong mu·ªën c·ªßa b·∫°n ho·∫∑c chat v·ªõi nh√¢n vi√™n t∆∞ v·∫•n nh√©!,2020-07-14 09:40:28,,
230,,handover_to_inbox,2109635822411911,"√îi b
B√™n b d√πng chatbot tr·∫£ l·ªùi √†
Setup bu·ªìn c∆∞·ªùi th·∫ø",,2020-07-14 09:41:13,handover_to_inbox,
230,,,2109635822411911,,"D·∫°, b·∫°n vui l√≤ng ch·ªù trong √≠t ph√∫t nh√¢n vi√™n c·ªßa shop s·∫Ω ph·ª•c v·ª• b·∫°n ·∫°!^^",2020-07-14 09:41:13,,
251,,,1762057613861595,,,2020-07-13 07:13:21,send_link,"https://scontent.xx.fbcdn.net/v/t1.15752-9/109120219_914185992382239_8713342984520644159_n.jpg?_nc_cat=110&_nc_sid=b96e70&_nc_ohc=JUwgLngkcukAX_TK6iU&_nc_ad=z-m&_nc_cid=0&_nc_ht=scontent.xx&oh=c71898e4b9ace0354a159a7aa6e19709&oe=5F30E9A8,"
251,,,1762057613861595,,B·∫°n ƒëang t√¨m ki·∫øm th√¥ng tin g√¨ ·∫°?,2020-07-13 07:13:21,,
251,uc_s1,,1762057613861595,B·∫°n ∆°i b√™n b·∫°n c√≤n m·∫´u n√†y ko ·∫°,,2020-07-13 07:13:33,query_knowledge_base,"m·∫´u n√†y,"
251,,,1762057613861595,,"D·∫°, c√≥ ph·∫£i b·∫°n mu·ªën h·ªèi m·ªôt trong c√°c s·∫£n ph·∫©m d∆∞·ªõi ƒë√¢y kh√¥ng ·∫°?
 (Vui l√≤ng ·∫•n ch·ªçn 1 s·∫£n ph·∫©m)",2020-07-13 07:13:36,,
251,,,1762057613861595,,,2020-07-13 07:13:36,,
251,,,1762057613861595,,,2020-07-13 07:13:36,,
251,,,1762057613861595,M√¨nh mu·ªën mua c√°i ƒëai xe m√°y phane quang,,2020-07-13 07:30:34,query_knowledge_base,"dai,"
251,,,1762057613861595,,S·∫£n ph·∫©m ƒêai hi·ªán shop ƒëang *c√≤n h√†ng*. M·ªùi b·∫°n xem th√¥ng tin chi ti·∫øt s·∫£n ph·∫©m t·∫°i link sau ·∫°!,2020-07-13 07:30:35,,
251,,,1762057613861595,,,2020-07-13 07:30:35,,
251,,shipping_order,1762057613861595,"B·∫°n ship gi√∫p m√¨nh trong chi·ªÅu nay dc ko
M√¨nh c√°m ∆°n",,2020-07-13 07:31:22,handover_to_inbox,
251,,,1762057613861595,,"D·∫°, b·∫°n vui l√≤ng ch·ªù trong √≠t ph√∫t nh√¢n vi√™n c·ªßa shop s·∫Ω ph·ª•c v·ª• b·∫°n ·∫°!^^",2020-07-13 07:31:22,,
252,,,3646076928739707,/start_conversation,,2020-07-13 07:20:46,start_conversation,
252,,,3646076928739707,,"Ch√†o Tr·∫ßn Ho√†i Th∆∞∆°ng, m√¨nh l√† tr·ª£ l√Ω ·∫£o c·ªßa Shop G·∫•u & B√≠ Ng√¥, m√¨nh gi√∫p g√¨ ƒë∆∞·ª£c b·∫°n ·∫°?",2020-07-13 07:20:46,,
252,uc_s1,,3646076928739707,"Shop ∆°i, b√™n m√¨nh c√≤n s·∫µn xe ƒë·∫©y n√†y ko ·∫°? ",,2020-07-13 07:21:28,query_knowledge_base,"https://scontent.xx.fbcdn.net/v/t1.15752-9/105427190_747746172639669_3655270502832131495_n.jpg?_nc_cat=104&_nc_sid=b96e70&_nc_ohc=u8AUcqoVv4IAX-xfmLS&_nc_ad=z-m&_nc_cid=0&_nc_ht=scontent.xx&oh=b630d2469ffffa744ee3a83809ddd2f1&oe=5F32DF90,xe_day,"
252,,,3646076928739707,,S·∫£n ph·∫©m Set Xe ƒë·∫©y & gh·∫ø √¥ t√¥ ki√™m n√¥i x√°ch tay Zaracos Revo 2506 hi·ªán shop ƒëang *c√≤n h√†ng*. M·ªùi b·∫°n xem th√¥ng tin chi ti·∫øt s·∫£n ph·∫©m t·∫°i link sau ·∫°!,2020-07-13 07:21:30,,
252,,,3646076928739707,,,2020-07-13 07:21:30,,
252,,,3646076928739707,M√¨nh mu·ªën ƒë·∫øn xem ·∫°,,2020-07-13 07:21:38,query_knowledge_base,
252,,,3646076928739707,,B·∫°n vui l√≤ng b·∫•m v√†o s·∫£n ph·∫©m ƒë·ªÉ xem ·∫£nh v√† th√¥ng tin chi ti·∫øt nh√©!,2020-07-13 07:21:39,,
252,,,3646076928739707,,,2020-07-13 07:21:39,,
252,,handover_to_inbox,3646076928739707,B√™n m√¨nh bu·ªïi t·ªëi m·ªü c·ª≠a ƒë·∫øn m·∫•y gi·ªù ·∫°?,,2020-07-13 07:25:21,handover_to_inbox,
252,,,3646076928739707,,"D·∫°, b·∫°n vui l√≤ng ch·ªù trong √≠t ph√∫t nh√¢n vi√™n c·ªßa shop s·∫Ω ph·ª•c v·ª• b·∫°n ·∫°!^^",2020-07-13 07:25:22,,
259,uc_s1,,2277432655603314,C ∆°i b√™n m√¨nh c√≤n xe ƒë·∫©y v3 k ·∫°,,2020-07-13 04:08:31,query_knowledge_base,"xe_day,"
259,,,2277432655603314,,S·∫£n ph·∫©m Xe ƒê·∫©y hi·ªán shop ƒëang *c√≤n h√†ng*. M·ªùi b·∫°n xem th√¥ng tin chi ti·∫øt s·∫£n ph·∫©m t·∫°i link sau ·∫°!,2020-07-13 04:08:32,,
259,,,2277432655603314,,,2020-07-13 04:08:32,,
259,,,2277432655603314,"/confirm_attribute_value{""brand"": ""Vovo""}",,2020-07-13 04:13:48,confirm_attribute_value,"Vovo,"
259,,,2277432655603314,,D·∫° m·ªùi b·∫°n tham kh·∫£o s·∫£n ph·∫©m hi·ªán c√≥ t·∫°i shop nh√©!,2020-07-13 04:13:48,,
259,,,2277432655603314,,,2020-07-13 04:13:48,,
259,,,2277432655603314,Cho m√¨nh xem c√°c m·∫´u v·ªõi ·∫°,,2020-07-13 04:14:03,query_knowledge_base,
259,,,2277432655603314,,B·∫°n vui l√≤ng b·∫•m v√†o s·∫£n ph·∫©m ƒë·ªÉ xem ·∫£nh v√† th√¥ng tin chi ti·∫øt nh√©!,2020-07-13 04:14:04,,
259,,,2277432655603314,,,2020-07-13 04:14:04,,
259,,,2277432655603314,M√¨nh mu·ªën xe ƒë·ªÉ ƒëi du l·ªãch b·∫°n ·∫° Xe nh·ªè ki·ªÉu n√†y n√†y b·∫°n ,,2020-07-13 04:14:33,query_knowledge_base,"https://scontent.xx.fbcdn.net/v/t1.15752-9/106544693_271873744114841_1624343888317698884_n.jpg?_nc_cat=107&_nc_sid=b96e70&_nc_ohc=8DTHKfVW0AsAX8lVpT1&_nc_ad=z-m&_nc_cid=0&_nc_ht=scontent.xx&oh=27ee4b9062656d11c1f323e1c00d8ba2&oe=5F320E99,xe,nh·ªè ki·ªÉu n√†y n√†y,"
259,,silence,2277432655603314,,"D·∫°, c√≥ ph·∫£i b·∫°n mu·ªën h·ªèi m·ªôt trong c√°c s·∫£n ph·∫©m d∆∞·ªõi ƒë√¢y kh√¥ng ·∫°?
 (Vui l√≤ng ·∫•n ch·ªçn 1 s·∫£n ph·∫©m)",2020-07-13 04:14:36,,
259,,,2277432655603314,,,2020-07-13 04:14:36,,
259,,,2277432655603314,,,2020-07-13 04:14:36,,
